headline,category,url
"In South Korea, even your cup of Starbucks could be too political",Business,https://www.bbc.com/news/articles/clyggex25v6o
"US House passes Trump's 'big, beautiful' tax and spending bill",Business,https://www.bbc.com/news/articles/c5yg0kgg2njo
Trump administration ends Harvard's ability to enrol international students,Business,https://www.bbc.com/news/articles/c05768jmm11o
US Treasury confirms the end of the penny,Business,https://www.bbc.com/news/articles/cx2j07858lno
US Congress moves to block California ban on petrol-only cars,Business,https://www.bbc.com/news/articles/cvgq4wxd583o
Nike to raise US prices as firms face tariffs uncertainty,Business,https://www.bbc.com/news/articles/c3315er3gygo
How a joke about rice cost a Japan cabinet minister his job,Business,https://www.bbc.com/news/articles/cj42vjrdz1no
"M&S website back online, allowing users to browse",Business,https://www.bbc.com/news/articles/c0k374x1y8do
Trump meets Republican hard-liners in hopes of moving tax bill forward,Business,https://www.bbc.com/news/articles/cje778q8nl7o
Daily Telegraph to be sold to US firm RedBird,Business,https://www.bbc.com/news/articles/c4gk8m1lrmlo
Labubu fan fury after dolls pulled from stores,Business,https://www.bbc.com/news/articles/cvgvwvvlnv3o
"A look at the key items in Trump's 'big, beautiful bill'",Business,https://www.bbc.com/news/articles/c0eqpz23l9jo
Denmark to raise retirement age to highest in Europe,Business,https://www.bbc.com/news/articles/cvg71v533q6o
"In South Korea, even your cup of Starbucks could be too political",Business,https://www.bbc.com/news/articles/clyggex25v6o
"US House passes Trump's 'big, beautiful' tax and spending bill",Business,https://www.bbc.com/news/articles/c5yg0kgg2njo
Trump administration ends Harvard's ability to enrol international students,Business,https://www.bbc.com/news/articles/c05768jmm11o
US Treasury confirms the end of the penny,Business,https://www.bbc.com/news/articles/cx2j07858lno
US Congress moves to block California ban on petrol-only cars,Business,https://www.bbc.com/news/articles/cvgq4wxd583o
Nike to raise US prices as firms face tariffs uncertainty,Business,https://www.bbc.com/news/articles/c3315er3gygo
How a joke about rice cost a Japan cabinet minister his job,Business,https://www.bbc.com/news/articles/cj42vjrdz1no
"M&S website back online, allowing users to browse",Business,https://www.bbc.com/news/articles/c0k374x1y8do
Trump meets Republican hard-liners in hopes of moving tax bill forward,Business,https://www.bbc.com/news/articles/cje778q8nl7o
Four obstacles for Republican rebels in Trump's tax bill,Business,https://www.bbc.com/news/articles/cx2jxn8m88ro
Target sales hit as Trump tariffs take effect,Business,https://www.bbc.com/news/articles/c30885gj1leo
'World's greatest designer' Jony Ive joins OpenAI to 'reimagine' computers,Business,https://www.bbc.com/news/articles/c5y66yemjdmo
Did Trump really strike Gulf deals worth $2tn?,Business,https://www.bbc.com/news/articles/cn5yxp2v77ro
No money left at the end of the month and smaller food shops: How inflation rise affects you,Business,https://www.bbc.com/news/articles/cy8nndp9l8po
Nvidia boss calls US chip policy a 'failure',Business,https://www.bbc.com/news/articles/c1ldd10m98eo
Elon Musk plans to cut back political spending,Business,https://www.bbc.com/news/articles/c20nnx11v5lo
X restricted in Tanzania after police targeted by hackers,Business,https://www.bbc.com/news/articles/cgmjjdrlkz1o
Fortnite back on US Apple app store after ban lifted,Business,https://www.bbc.com/news/articles/c0711mrl470o
Trump pressures Republicans to back his 'big beautiful' tax bill,Business,https://www.bbc.com/news/articles/crmkkke0ewgo
Millions of consumers in UK could get £70 after Mastercard ruling,Business,https://www.bbc.com/news/articles/c14kkjyrk20o
Spain clamps down on Airbnb as tourism backlash returns for summer,Business,https://www.bbc.com/news/articles/c3wdd8lg581o
Tesla battery maker sees shares jump in Hong Kong debut,Business,https://www.bbc.com/news/articles/c3d4k1derzgo
EU plans €2 fee on small parcels in hit to Shein and Temu,Business,https://www.bbc.com/news/articles/cq699ymm81vo
"Cyber-attack threat keeps me awake at night, UK bank boss says",Business,https://www.bbc.com/news/articles/c4g3372vl3yo
Who are the winners and losers from the UK-EU agreement?,Business,https://www.bbc.com/news/articles/cz63d82z785o
Sesame Street heads to Netflix after Trump pulled funding,Business,https://www.bbc.com/news/articles/c80k7z8z77yo
Ryanair tells flight attendants to repay salary rises,Business,https://www.bbc.com/news/articles/cpqeelw04e9o
India's 'Silicon Valley' flooded after heavy rains,Business,https://www.bbc.com/news/articles/c7800l27ynzo
Why we need 'revolutionary' cooling tech,Business,https://www.bbc.com/news/articles/cpdzjev2d9wo
UK now best placed country on trade - Chancellor,Business,https://www.bbc.com/news/articles/ce802rygr02o
"UK-EU deal moves us on from Brexit rows, Starmer says",Business,https://www.bbc.com/news/articles/ce9v28r7vlxo
US debt downgrade drives up borrowing costs,Business,https://www.bbc.com/news/articles/cx2j03w10gno
Council trialling AI for special needs reports,Innovation,https://www.bbc.com/news/articles/cvg7633ygdvo
AI system resorts to blackmail if told it will be removed,Innovation,https://www.bbc.com/news/articles/cpqeng9d20go
Protestors accuse Trump of corruption as he hosts crypto gala dinner,Innovation,https://www.bbc.com/news/articles/c74nn4ppdvdo
'Give it time': ScotRail defends AI announcer Iona,Innovation,https://www.bbc.com/news/articles/c75337xn1v5o
'World's greatest designer' Jony Ive joins OpenAI to 'reimagine' computers,Innovation,https://www.bbc.com/news/articles/c5y66yemjdmo
"M&S website back online, allowing users to browse",Innovation,https://www.bbc.com/news/articles/c0k374x1y8do
Radiology department marks 50 years of advancement,Innovation,https://www.bbc.com/news/articles/cy8ddn2j441o
Rail network adds defibrillators to all platforms,Innovation,https://www.bbc.com/news/articles/ckgnyne0k4ro
UK exposes Russian cyber campaign targeting support for Ukraine,Innovation,https://www.bbc.com/news/articles/c17rrjdr79po
Rail network adds defibrillators to all platforms,Innovation,https://www.bbc.com/news/articles/ckgnyne0k4ro
UK exposes Russian cyber campaign targeting support for Ukraine,Innovation,https://www.bbc.com/news/articles/c17rrjdr79po
Nvidia boss calls US chip policy a 'failure',Innovation,https://www.bbc.com/news/articles/c1ldd10m98eo
National parking platform seeks to end 'hassle' of multiple parking apps,Innovation,https://www.bbc.com/news/articles/ckg44pgn2g4o
What regular saunas do for your health,Innovation,https://www.bbc.com/future/article/20250520-are-saunas-and-cold-plunges-good-for-your-health
Chance for national park visitors to see the stars,Innovation,https://www.bbc.com/news/articles/cdj99yv3vvpo
Artist's 'heartbreak' over AI generated images,Innovation,https://www.bbc.com/news/articles/cvg5nz78ygdo
Did Trump really strike Gulf deals worth $2tn?,Innovation,https://www.bbc.com/news/articles/cn5yxp2v77ro
AI chatbot to be embedded in Google search,Innovation,https://www.bbc.com/news/articles/cpw77qwd117o
"Cyber-attack threat keeps me awake at night, UK bank boss says",Innovation,https://www.bbc.com/news/articles/c4g3372vl3yo
Fortnite faces complaint from actors' union over AI Darth Vader,Innovation,https://www.bbc.com/news/articles/cn844l3eznqo
Scientists in a race to discover why our Universe exists,Innovation,https://www.bbc.com/news/articles/cjwvgevjjl6o
Can AI therapists really be an alternative to human help?,Innovation,https://www.bbc.com/news/articles/ced2ywg7246o
Melania Trump says new revenge porn law will protect children online,Innovation,https://www.bbc.com/news/articles/c74qnyz89y3o
Peers demand more protection from AI for creatives,Innovation,https://www.bbc.com/news/articles/c39xj284e14o
Struggling DNA testing firm 23andMe to be bought for $256m,Innovation,https://www.bbc.com/news/articles/c0ln0e5g6kgo
UK weather forecast more accurate with Met Office supercomputer,Innovation,https://www.bbc.com/news/articles/clyg4ygerpjo
Chasing storms from Japan to California,Innovation,https://www.bbc.com/future/article/20250516-the-pilots-chasing-sky-rivers-and-cyclones-from-japan-to-the-us
Workers optimistic but overwhelmed by AI - study,Innovation,https://www.bbc.com/news/articles/c3rpx1rl2nlo
UK driverless cars coming in 2027 - but Uber says it's ready now,Innovation,https://www.bbc.com/news/articles/c8jg80j771zo
The people stuck using ancient Windows computers,Innovation,https://www.bbc.com/future/article/20250516-the-people-stuck-using-ancient-windows-computers
Elton John brands UK government 'absolute losers' over AI copyright plans,Innovation,https://www.bbc.com/news/articles/c8jg0348yvxo
A letter from the M&S hackers landed in my inbox - this is what happened next,Innovation,https://www.bbc.com/news/articles/cgr5nen5gxyo
M&S hackers believed to have gained access through third party,Innovation,https://www.bbc.com/news/articles/cpqe213vw3po
AI and cyber attack centre will be 'leading force',Innovation,https://www.bbc.com/news/articles/c4g2xrw5jl8o
Mexico accuses MrBeast of exploiting Mayan pyramids,Innovation,https://www.bbc.com/news/articles/crr70vykk0wo
Tesco apologises after software issue hits website and app,Innovation,https://www.bbc.com/news/articles/c8re57856jmo
The space archaeologists preserving our cosmic history,Innovation,https://www.bbc.com/future/article/20250515-the-space-archaeologists-hoping-to-save-our-cosmic-history
The camera tech propelling shows like Adolescence,Innovation,https://www.bbc.com/news/articles/c62g6vdl3vqo
"UK needs more nuclear to power AI, says Amazon boss",Innovation,https://www.bbc.com/news/articles/cewd5014wpno
Leading crypto firm Coinbase faces up to $400m hit from cyber attack,Innovation,https://www.bbc.com/news/articles/c80k5plpx8do
Meet the team paid to break into top-secret bases,Innovation,https://www.bbc.com/news/articles/c8el64yyppro
"Bayesian crew unaware wind speeds of over 73mph could topple yacht, report finds",Innovation,https://www.bbc.com/news/articles/c331djzymz6o
Museum visitors to touch part of the moon and Mars,Innovation,https://www.bbc.com/news/articles/cgr5wllyqv5o
'They yanked their own plug': How Co-op averted an even worse cyber attack,Innovation,https://www.bbc.com/news/articles/cwy382w9eglo
Co-op says shelves to be more fully stocked this weekend,Innovation,https://www.bbc.com/news/articles/ckg4zrpk5p7o
Police force harnesses AI to help catch stalkers,Innovation,https://www.bbc.com/news/articles/ckg4816gj5yo
Will this woman be the first Briton to walk on the Moon?,Innovation,https://www.bbc.com/news/articles/czxyv3z710do
AI tool put to test sifting UK public views on botox and fillers,Innovation,https://www.bbc.com/news/articles/cpd4nxvw9lyo
New centre launches to tackle digital threats,Innovation,https://www.bbc.com/news/articles/c5yxg72e0qwo
How AI is transforming work for Bee Lady doctors,Innovation,https://www.bbc.com/news/articles/c1ld5n1vn7zo
The road that charges your car,Innovation,https://www.bbc.com/news/videos/c0eq8jqr2zvo
How to avoid a puncture on the Moon,Innovation,https://www.bbc.com/news/articles/czrve1zrlg3o
Politician's wife jailed for X post gets appeal date,Innovation,https://www.bbc.com/news/articles/cwyjgx04dxdo
How gardening boosts brain health,Innovation,https://www.bbc.com/future/article/20250509-how-gardening-boosts-brain-health
Mars rover technology tested out in Scottish Highlands,Innovation,https://www.bbc.com/news/articles/clygleqg409o
Soviet-era spacecraft 'likely' to have re-entered Earth's atmosphere,Innovation,https://www.bbc.com/news/articles/cy9vz28nyedo
Is there really an autism 'epidemic'?,Innovation,https://www.bbc.com/future/article/20250509-why-autism-diagnoses-are-on-the-rise
Elton John and Dua Lipa seek protection from AI,Innovation,https://www.bbc.com/news/articles/c071elp1rv1o
Two porn sites investigated for suspected age check failings,Innovation,https://www.bbc.com/news/articles/cx2qn1j0jd6o
Bill Gates plans to give away most of his fortune by 2045,Innovation,https://www.bbc.com/news/articles/cx2e87lzqkdo
The country sparking Africa's e-bike revolution,Innovation,https://www.bbc.com/future/article/20250508-rwanda-is-sparking-africas-e-bike-revolution
"Pay day banking outages hit 1.2m people, UK banks reveal",Innovation,https://www.bbc.com/news/articles/c7875w07l93o
Apple hits back at US judge's 'extraordinary' contempt order,Innovation,https://www.bbc.com/news/articles/c3r8rg4w2v0o
The surprising power of nose breathing,Innovation,https://www.bbc.com/future/article/20250507-the-surprising-power-of-breathing-through-your-nose
Wikipedia legally challenges 'flawed' online safety rules,Innovation,https://www.bbc.com/news/articles/c62j2gr8866o
Arizona man shot dead in road rage 'returns' to address his killer,Innovation,https://www.bbc.com/news/articles/cq808px90wxo
Maker of Pegasus spyware told to pay $167m for WhatsApp hack,Innovation,https://www.bbc.com/news/articles/c77n76kzmz4o
Renewable energy's trouble with 'wind theft',Innovation,https://www.bbc.com/future/article/20250506-renewable-energys-trouble-with-wind-theft
"Ofcom needs more powers to remove misleading posts, says watchdog",Innovation,https://www.bbc.com/news/articles/c0jzj18w77yo
China's alternative to charging electric cars,Innovation,https://www.bbc.com/future/article/20250506-are-chinas-swap-stations-the-future-of-electric-cars
Can AI care for your loved ones?,Innovation,https://www.bbc.com/news/articles/c62z5yl2l1lo
The people refusing to use AI,Innovation,https://www.bbc.com/news/articles/c15q5qzdjqxo
OpenAI says non-profit will remain in control after backlash,Innovation,https://www.bbc.com/news/articles/cwy603eg0w8o
"Beware phony IT calls after Co-op and M&S hacks, says UK cyber centre",Innovation,https://www.bbc.com/news/articles/c4grn878712o
Trump criticised after posting AI image of himself as Pope,Innovation,https://www.bbc.com/news/articles/cdrg8zkz8d0o
The bizarre space explosions we can't explain,Innovation,https://www.bbc.com/future/article/20250502-cow-flares-the-bizarre-space-explosions-scientists-cant-explain
Look up! This month's Milky Way and meteor magic,Innovation,https://www.bbc.com/news/videos/cy70z22208zo
Long-distance romance and closure from husband's death - your memories of Skype,Innovation,https://www.bbc.com/news/articles/cp913ze3k9jo
How a passion project became 2025's most talked-about game,Innovation,https://www.bbc.com/news/articles/c078j5gd71ro
How Katy Perry became the Hot and Cold popstar,Innovation,https://www.bbc.com/news/articles/cwynz85zj2vo
Uber starts allowing customers to pay in cash,Innovation,https://www.bbc.com/news/articles/c4g4le9n469o
"Co-op cyber attack affects customer data, firm admits, after hackers contact BBC",Innovation,https://www.bbc.com/news/articles/crkx3vy54nzo
Meta threatens to cut off Facebook in Nigeria over huge fines - report,Innovation,https://www.bbc.com/news/articles/ckgrwxp5r15o
Co-op gives away free pasta sauce and coffee by mistake,Innovation,https://www.bbc.com/news/articles/c9856ge2742o
Are heated tobacco products a new health risk?,Innovation,https://www.bbc.com/future/article/20250501-the-truth-about-heated-tobacco
How BBC investigation led to Apple removing AI 'nudify' apps,Innovation,https://www.bbc.com/news/videos/cx205lnplpwo
Apple says most US-bound iPhones no longer made in China,Innovation,https://www.bbc.com/news/articles/c86jx18y9e2o
Why Australia's opposition is vying for votes on Chinese social media,Innovation,https://www.bbc.com/news/articles/cqx4vr5nqr8o
Harrods latest UK retailer to be hit by cyber attack,Innovation,https://www.bbc.com/news/articles/c62x4zxe418o
Xbox prices hiked worldwide amid tariff uncertainty,Innovation,https://www.bbc.com/news/articles/cze1zn9d9p4o
'They wanted $4m': Lessons for M&S from other cyber attacks,Innovation,https://www.bbc.com/news/articles/cg72kg5yn2ko
Co-op cyber attack: Staff told to keep cameras on in meetings,Innovation,https://www.bbc.com/news/articles/cg72k851dd8o
Meta warns of 'worse' experience for European users,Innovation,https://www.bbc.com/news/articles/czd3mey1ej2o
AI turns old photos of the Borders into 'motion pictures',Innovation,https://www.bbc.com/news/videos/cq5wx27gne1o
Grandson's AI movies bring old towns back to life,Innovation,https://www.bbc.com/news/articles/c1k4y98vykro
Singapore's ruling party pulls out all stops online to woo youth,Innovation,https://www.bbc.com/news/articles/c5yldprrdg3o
UK trial aims to silence tinnitus before it takes hold,Innovation,https://www.bbc.com/news/videos/cd02x42z0ndo
Three things you might not know about the Sun,Innovation,https://www.bbc.com/news/videos/creq5yvlzryo
Apple referred for possible criminal contempt investigation,Innovation,https://www.bbc.com/news/articles/c62xv43xqq5o
'I turned a drawing passion into an animation career',Culture,https://www.bbc.com/news/articles/c1j5wzd0l4eo
Cross-cultural ceilidh marks world diversity day,Culture,https://www.bbc.com/news/articles/c93l9zzgq4wo
Fireworks from Sam Fender caps off Saturday at Big Weekend,Culture,https://www.bbc.com/news/articles/cdd23rnp3lvo
Musicians gather to raise funds for Ukraine supplies,Culture,https://www.bbc.com/news/articles/czr864xpl00o
King James I's gloves in 'unique' fashion tour,Culture,https://www.bbc.com/news/articles/c86105dgl1xo
Ed Sheeran thrills with surprise set at Big Weekend,Culture,https://www.bbc.com/news/articles/cpvk017zk0no
Businesses 'benefiting' from Radio 1's Big Weekend,Culture,https://www.bbc.com/news/articles/c057e1d51d5o
Bygone photos show life in Wales' oldest multi-ethnic community,Culture,https://www.bbc.com/news/articles/c79edpj39r2o
Jersey actor to appear in movie with Idris Elba,Culture,https://www.bbc.com/news/articles/c8jg1jd3knvo
Director Stanley Kubrick's house up for sale,Culture,https://www.bbc.com/news/articles/crlj0g6100no
Bygone photos show life in Wales' oldest multi-ethnic community,Culture,https://www.bbc.com/news/articles/c79edpj39r2o
'A long way home but I can't get enough of Scotland' - McGregor,Culture,https://www.bbc.com/news/articles/cn844wx8zv7o
Jersey actor to appear in movie with Idris Elba,Culture,https://www.bbc.com/news/articles/c8jg1jd3knvo
Line-up announced for BBC Black Sabbath special,Culture,https://www.bbc.com/news/articles/c0r11dqpwlwo
Gavin & Stacey motors join on-screen icons display,Culture,https://www.bbc.com/news/articles/cn4g11rk8yyo
‘It’s wild’: Myles Smith on his meteoric year since Big Weekend,Culture,https://www.bbc.com/news/articles/c17rrjdr8gjo
Kneecap defiant at first major gig since terror charge,Culture,https://www.bbc.com/news/articles/cz70lyqzeqeo
Tom Grennan lights up Liverpool for Radio 1's Big Weekend,Culture,https://www.bbc.com/news/articles/c3e5ngq4yk3o
Mountainhead: A 'nightmare' vision of the world ★★★★☆,Culture,https://www.bbc.com/culture/article/20250521-mountainhead-review
Billy Joel cancels tour after brain condition diagnosis,Culture,https://www.bbc.com/news/articles/cx2q95d4wy1o
Legendary photographer Sebastião Salgado dies at 81,Culture,https://www.bbc.com/news/articles/cx2exym29pdo
Council considers purchasing historic Assembly Rooms,Culture,https://www.bbc.com/news/articles/cvg9v381zzeo
Will Elden Ring film be 'awesome' or 'meh'? Fans have thoughts,Culture,https://www.bbc.com/news/articles/c5y5g16q062o
Converted church among architecture award winners,Culture,https://www.bbc.com/news/articles/cr7z970mdpyo
Taylor Swift won't face summons in Baldoni-Lively case,Culture,https://www.bbc.com/news/articles/cm2k0dmvvkgo
Jethro's J35 TER number plate sells for £30.5k,Culture,https://www.bbc.com/news/articles/cjwqnqe8wljo
The sounds and songs of Iceland's melting landscape,Culture,https://www.bbc.com/travel/article/20250521-the-sounds-and-songs-of-icelands-melting-landscape
This Brazilian thriller could be an Oscars hopeful ★★★★☆,Culture,https://www.bbc.com/culture/article/20250523-the-secret-agent-review
Black Sabbath murals to rock city ahead of gig,Culture,https://www.bbc.com/news/articles/cvgq47rprl1o
Helping rescued elephants after circus life,Culture,https://www.bbc.com/news/videos/cn4gg9w99jmo
Two castles and a prison on best buildings list,Culture,https://www.bbc.com/news/articles/c1e66200yqwo
Pair install blue plaques for city's lost clubs,Culture,https://www.bbc.com/news/articles/c0r1vppr5z4o
City show returns with 90s nostalgia theme,Culture,https://www.bbc.com/news/articles/cr7z9053ynyo
U2: 'We want to make the sound of the future',Culture,https://www.bbc.com/news/articles/cm2yl1n6kr5o
What not to miss at Radio 1's Big Weekend 2025,Culture,https://www.bbc.com/news/articles/c0r11l0rzgwo
The Indian film that got a nine-minute ovation at Cannes,Culture,https://www.bbc.com/news/articles/czelypr8jdlo
Kid Cudi testifies at Diddy trial about Molotov cocktail attack,Culture,https://www.bbc.com/news/articles/c17rwz24ky5o
'I'm hardly Bob Dylan': Charli XCX wins songwriter of the year,Culture,https://www.bbc.com/news/articles/cy75n53jk0ko
Glastonbury glampers' concern after yurt firm goes bust,Culture,https://www.bbc.com/news/articles/czelydedx44o
Weekly quiz: What song won Eurovision?,Culture,https://www.bbc.com/news/articles/cn846xgyw7eo
Kneecap at TRNSMT would need 'significant' police operation,Culture,https://www.bbc.com/news/articles/ced2g5xz552o
Bradford choir tempts Londoners to City of Culture,Culture,https://www.bbc.com/news/videos/c787n4ww75vo
Timothy West 'died peacefully' after hospital stay,Culture,https://www.bbc.com/news/articles/cgq377gyeglo
The young gig promoters boosting local music scene,Culture,https://www.bbc.com/news/articles/cwy660vzwwpo
Metallica to play at Hampden during new UK tour,Culture,https://www.bbc.com/news/articles/cwywxw70ed2o
A furious but funny revenge thriller is a favourite at Cannes ★★★★☆,Culture,https://www.bbc.com/culture/article/20250522-it-was-just-an-accident-review
Flying geese mural 'reflects city's changing face',Culture,https://www.bbc.com/news/articles/cje77gq7583o
Military intelligence exhibition for Blitz tunnels,Culture,https://www.bbc.com/news/articles/cq855l183p4o
Norwich Printing Museum pressed to find new home,Culture,https://www.bbc.com/news/articles/cx2ejdve5rgo
Gay romance The History of Sound is 'too polite' ★★☆☆☆,Culture,https://www.bbc.com/culture/article/20250521-the-history-of-sound-review-paul-mescal-and-josh-oconnors-gay-romance-is-too-polite
Chris Brown freed on £5m bail by London court,Culture,https://www.bbc.com/news/articles/cwy66xq1jjgo
Life-sized animal puppets to stampede across London,Culture,https://www.bbc.com/news/articles/cgr55k5njgno
Israel's Eurovision result prompts questions over voting,Culture,https://www.bbc.com/news/articles/ckg77pxj2mno
'I hated everybody but now I want to inspire others',Culture,https://www.bbc.com/news/articles/cj428jlz2eyo
India's Banu Mushtaq makes history with International Booker win,Culture,https://www.bbc.com/news/articles/c308qjpz9y2o
Cheers stars pay tribute to 'Norm' actor George Wendt,Culture,https://www.bbc.com/news/articles/cx2xx998102o
Artist's 'heartbreak' over AI generated images,Culture,https://www.bbc.com/news/articles/cvg5nz78ygdo
City attraction scoops prestigious award,Culture,https://www.bbc.com/news/articles/c79e3jgzvlxo
Castle confirms summer reopening after long delays,Culture,https://www.bbc.com/news/articles/c4gee77zqd2o
Lorraine's ITV show cut to 30 minutes as job cuts loom,Culture,https://www.bbc.com/news/articles/cjwqqvqxzxlo
Artist wins award for exhibition exploring disability,Culture,https://www.bbc.com/news/articles/c6288q9gexno
Council to spend £2.5m updating listed music venue,Culture,https://www.bbc.com/news/articles/c4grrxx979qo
This nightmarish virus horror is 'maddening' ★★☆☆☆,Culture,https://www.bbc.com/culture/article/20250520-alpha-review
Jurassic snark: New Zealand dinosaur sculpture fuels debate,Culture,https://www.bbc.com/news/articles/c4g77x1m9mno
"Boy, 11, becomes piano prodigy by watching YouTube",Culture,https://www.bbc.com/news/articles/c8rekvx8r0do
Festival to include walks of discovery on Dartmoor,Culture,https://www.bbc.com/news/articles/cwy3x12p00qo
Stolen Jim Morrison graveside bust found by chance after 37 years,Culture,https://www.bbc.com/news/articles/c74qqje4kzeo
Show planned for Oscar Wilde prison to be moved,Culture,https://www.bbc.com/news/articles/cpqe7x4pjy4o
Sesame Street heads to Netflix after Trump pulled funding,Culture,https://www.bbc.com/news/articles/c80k7z8z77yo
Spanish PM calls for Israel ban at Eurovision,Culture,https://www.bbc.com/news/articles/cn7zx836v6do
Lineker to leave BBC sooner than planned after antisemitism row,Culture,https://www.bbc.com/news/articles/c79e37nld1no
Ed Sheeran supports young talent in surprise gig,Culture,https://www.bbc.com/news/articles/cx2egr875kro
Gary Lineker: A sorry end to a BBC career,Culture,https://www.bbc.com/news/articles/cq54wy9jzgdo
How Gary Lineker went from football sensation to headline-hitting presenter,Culture,https://www.bbc.com/news/articles/cp39xlwexyxo
The only X-rated winner of the best-picture Oscar,Culture,https://www.bbc.com/culture/article/20250512-the-only-x-rated-winner-of-the-best-picture-oscar
Unsigned acts prepare to play for thousands at festival,Culture,https://www.bbc.com/news/articles/c3650wpwr7ko
'Learning Irish for my film helped with cancer recovery',Culture,https://www.bbc.com/news/articles/cx2q6lryp5wo
What's on at the new-look Shindig Festival?,Culture,https://www.bbc.com/news/articles/cn84lxpyqqpo
Art exhibition highlights problem of knife crime,Culture,https://www.bbc.com/news/articles/c39x00ln14zo
'I'm gigging with my former job adviser',Culture,https://www.bbc.com/news/articles/ce805r9lk7no
Gary Lineker expected to leave the BBC,Culture,https://www.bbc.com/news/articles/c626jxp0yz3o
'Last chance' to save town's Morris dancing group,Culture,https://www.bbc.com/news/articles/c626xzezn78o
Wes Anderson takes his quirkiness to 'new levels' ★★★☆☆,Culture,https://www.bbc.com/culture/article/20250518-the-phoenician-scheme-review-wes-anderson-takes-his-quirkiness-to-a-whole-new-level
"Mission: Impossible returns, and Nine Perfect Strangers: What's coming up this week",Culture,https://www.bbc.com/news/articles/czxy550q6vzo
Remember Monday singer says she's lost wedding ring after Eurovision,Culture,https://www.bbc.com/news/articles/cjdzx5v21ldo
Watch: Key moments from Eurovision 2025,Culture,https://www.bbc.com/news/videos/cy5en5yydplo
"Saunas, espresso and zero points: A look back at Eurovision 2025",Culture,https://www.bbc.com/news/videos/cd0ln1m54vzo
North-west England's best buildings revealed,Culture,https://www.bbc.com/news/articles/c15nzyg4ndpo
"'It took me almost 1,000 hours to draw London'",Culture,https://www.bbc.com/news/videos/c7876w8e751o
Science and Media Museum unveils new galleries,Culture,https://www.bbc.com/news/articles/c9q0jqgdy80o
The Soviet nuclear plan to reverse Siberian rivers,Earth,https://www.bbc.com/future/article/20250523-the-soviet-plan-to-reverse-siberias-rivers-with-peaceful-nuclear-explosions
William: David Attenborough was 'inspiration' for new show,Earth,https://www.bbc.com/news/articles/c3087vlmljmo
Busy hurricane season expected as forecasters fear Trump cuts,Earth,https://www.bbc.com/news/articles/cp855prygj1o
UK sea temperatures soar after exceptionally warm spring,Earth,https://www.bbc.com/news/articles/c7533y6l3k0o
'Shrinking Nemo': Smaller clownfish sound alarm on ocean heat,Earth,https://www.bbc.com/news/articles/c629z4y762xo
Tropical forests destroyed at fastest recorded rate last year,Earth,https://www.bbc.com/news/articles/c0lnngl6713o
"Coastlines in danger even if climate target met, scientists warn",Earth,https://www.bbc.com/news/articles/cj93e40znl3o
Chasing storms from Japan to California,Earth,https://www.bbc.com/future/article/20250516-the-pilots-chasing-sky-rivers-and-cyclones-from-japan-to-the-us
Mosquito-borne killer disease threatens blackbirds,Earth,https://www.bbc.com/news/articles/cj3x6v05ly6o
Mosquito-borne killer disease threatens blackbirds,Earth,https://www.bbc.com/news/articles/cj3x6v05ly6o
What chestnuts reveal about the Roman Empire,Earth,https://www.bbc.com/future/article/20250513-what-chestnuts-reveal-about-the-roman-empire
The seawall being built in Japan's turtle haven,Earth,https://www.bbc.com/future/article/20250512-how-a-concrete-seawall-split-this-japanese-island-village
The world's first deep sea mining test 50 years on,Earth,https://www.bbc.com/future/article/20250509-blake-plateau-the-uss-50-year-old-scars-from-the-worlds-first-deep-sea-mining-test-site
The country sparking Africa's e-bike revolution,Earth,https://www.bbc.com/future/article/20250508-rwanda-is-sparking-africas-e-bike-revolution
Renewable energy's trouble with 'wind theft',Earth,https://www.bbc.com/future/article/20250506-renewable-energys-trouble-with-wind-theft
Attenborough at 99 delivers 'greatest message he's ever told',Earth,https://www.bbc.com/news/articles/cn0wjxg0ex1o
China's alternative to charging electric cars,Earth,https://www.bbc.com/future/article/20250506-are-chinas-swap-stations-the-future-of-electric-cars
Why space debris is a looming crisis,Earth,https://www.bbc.com/reel/video/p0l7gtft/just-how-dangerous-is-space-debris-
How a burning river lit the US's green movement,Earth,https://www.bbc.com/future/article/20250429-how-the-cuyahoga-river-fires-fuelled-the-us-green-movement
The dark WW2 history written into Germany's parks,Earth,https://www.bbc.com/future/article/20250429-we-planted-trees-among-the-rubble-the-dark-ww2-history-written-into-germanys-parks
UK government not taking climate seriously - advisers,Earth,https://www.bbc.com/news/articles/cvgpey03pnno
The satellite that will 'weigh' world's 1.5 trillion trees,Earth,https://www.bbc.com/news/articles/crldwjj6d6no
The people 'meadowscaping' their lawns,Earth,https://www.bbc.com/future/article/20250425-meadowscaping-the-people-turning-their-garden-lawns-into-wild-meadows
Area burned by UK wildfires in 2025 already at annual record,Earth,https://www.bbc.com/news/articles/c0m9gm3jwljo
Is resurrecting extinct animals a good idea?,Earth,https://www.bbc.com/future/article/20250425-why-scientists-fear-attempts-to-resurrect-extinct-animals-may-backfire
The benefits of cleaning with vinegar,Earth,https://www.bbc.com/future/article/20250423-is-vinegar-safer-and-more-sustainable-than-other-cleaning-products
Fingerprints of city-sized icebergs found off UK coast,Earth,https://www.bbc.com/news/articles/cm2xz664r2do
The race against time to save US climate data,Earth,https://www.bbc.com/future/article/20250422-usa-scientists-race-to-save-climate-data-before-its-deleted-by-the-trump-administration
The images showing 50 years of change on Earth,Earth,https://www.bbc.com/future/article/20250422-how-50-years-of-climate-change-has-changed-the-face-of-the-blue-marble
Why alligators are the Everglades' bodyguards,Earth,https://www.bbc.com/future/article/20250417-how-alligators-keep-floridas-everglades-healthy
Why arsenic levels in rice are rising,Earth,https://www.bbc.com/future/article/20250417-how-climate-change-could-affect-arsenic-in-rice
Project to suck carbon out of sea begins in UK,Earth,https://www.bbc.com/news/articles/cr788kljlklo
The world's most surprising pollinators,Earth,https://www.bbc.com/future/article/20250416-where-bees-wont-go-how-cockroaches-bats-and-beetles-pollinate-the-worlds-plants-and-crops
Resurrecting Italy's 'dead' sea - with plants,Earth,https://www.bbc.com/future/article/20250411-saving-italys-polluted-mar-piccolo-using-plants
How climate change is supercharging allergies,Earth,https://www.bbc.com/future/article/20250410-how-climate-driven-thunderstorms-supercharge-pollen-allergies
The scientists who leave no trace in the high Arctic,Earth,https://www.bbc.com/future/article/20250408-the-scientists-leaving-no-trace-in-the-arctic
UK investigating claims green fuel contains virgin palm oil,Earth,https://www.bbc.com/news/articles/cm24n8nej94o
Fur is back in fashion - and even more divisive,Earth,https://www.bbc.com/culture/article/20250404-fur-is-back-in-fashion-and-even-more-divisive
Behind the scenes of the 'house of bears' photo,Earth,https://www.bbc.com/future/article/20250407-the-polar-bears-living-in-an-abandoned-arctic-weather-station
Where EV batteries go to die - and be reborn,Earth,https://www.bbc.com/future/article/20250404-where-ev-batteries-go-to-die-and-be-reborn
The 'freakosystem' accidentally created on Hawaii,Earth,https://www.bbc.com/future/article/20250403-the-new-hawaiian-freakosystem-emerging-on-oahu-accidentally-created-by-humans
"Meet Siku, the polar bear allergic to human hair",Earth,https://www.bbc.com/future/article/20250401-the-polar-bear-with-itchy-skin-do-wild-animals-get-allergies
Has Just Stop Oil really stopped throwing soup?,Earth,https://www.bbc.com/news/articles/cy0d047810no
How do you re-home a rhino? Upside down,Earth,https://www.bbc.com/future/article/20250327-the-vietnam-war-helicopters-riddled-with-bullet-holes-airlifting-rhinos-to-safety
"Mud, water and wood: The ancient forest that keeps Venice afloat",Earth,https://www.bbc.com/future/article/20250324-the-ancient-forest-that-supports-venice
Elephants hate bees - here's how that helps humans,Earth,https://www.bbc.com/future/article/20250320-how-bees-are-reducing-conflict-between-humans-and-elephants
This machine turns carbon dioxide into fuel,Earth,https://www.bbc.com/reel/video/p0kys7pd/this-machine-turns-carbon-dioxide-into-fuel
Why French towns are giving away free chickens,Earth,https://www.bbc.com/future/article/20250317-these-european-towns-in-france-and-belgium-hand-out-free-chickens
Scientists at Antarctic base rocked by alleged assault,Earth,https://www.bbc.com/news/articles/cgkm0k2j6edo
The dramatic photo of huskies walking on water,Earth,https://www.bbc.com/future/article/20250314-the-photo-of-husky-dogs-walking-on-water-that-reveals-the-reality-of-ice-melting-and-climate-change-in-greenland
What snow can teach us about street design,Earth,https://www.bbc.com/reel/video/p0kx9vx8/what-snow-can-teach-us-about-street-design
The women tackling India's worm poachers,Earth,https://www.bbc.com/future/article/20250311-the-women-fighting-indias-worm-poachers
Extreme ice-diving in the name of science,Earth,https://www.bbc.com/future/article/20250310-the-divers-venturing-under-the-ice-in-the-name-of-science
What we've learned since the biggest oil spill in US history,Earth,https://www.bbc.com/future/article/20240905-have-we-improved-oil-spill-clean-ups-since-bp-deepwater-horizon
The $1m cactus heist that led to a smuggler's downfall,Earth,https://www.bbc.com/future/article/20250228-how-italy-and-chile-foiled-an-1m-international-smugglers-cactus-heist
The VR experience that leaves people in tears,Earth,https://www.bbc.com/future/article/20250306-the-future-of-conservation-might-be-in-vr-headsets
What is a heat pump and how much do they cost?,Earth,https://www.bbc.com/news/science-environment-57159056
What's the most sustainable period product?,Earth,https://www.bbc.com/future/article/20250305-what-is-the-most-sustainable-period-product
UK homes install subsidised heat pumps at record level,Earth,https://www.bbc.com/news/articles/c3e4nlxlq08o
The world's strongest ocean current is at risk of failing,Earth,https://www.bbc.com/future/article/20250303-the-worlds-strongest-ocean-current-is-at-risk
Why Vermont farmers are using urine on their crops,Earth,https://www.bbc.com/future/article/20250227-the-vermont-farmers-using-urine-to-grow-their-crops
Nations salvage funding deal to reverse wildlife decline,Earth,https://www.bbc.com/news/articles/cg5ddnmnypvo
Heat pumps and EVs – how to fight climate change from home,Earth,https://www.bbc.com/news/articles/cpv4m3x1ldgo
"Half of UK homes need heat pump by 2040, government told",Earth,https://www.bbc.com/news/articles/c70ekknr2rwo
The farmers protecting Nepal's snow leopards,Earth,https://www.bbc.com/future/article/20250221-the-women-protecting-snow-leopards-in-remotest-nepal
Scientists probe gulls' 'weird and wonderful' appetites,Earth,https://www.bbc.com/news/articles/c2erkry8jn8o
The megacity facing a thirsty future,Earth,https://www.bbc.com/future/article/20250219-what-happens-if-istanbuls-water-supplies-run-dry
The ex-fracking site tapped for underground heat,Earth,https://www.bbc.com/future/article/20250219-kirby-misperton-the-former-fracking-site-now-tapped-for-clean-heat
World's glaciers melting faster than ever recorded,Earth,https://www.bbc.com/news/articles/cy4ly8vde85o
"How Trump's 'drill, baby, drill' pledge is affecting other countries",Earth,https://www.bbc.com/news/articles/ce85709xdk4o
The rewilded golf courses turned into a nature 'microcosm',Earth,https://www.bbc.com/future/article/20250214-from-scotland-to-california-the-rewilded-golf-courses-where-wildlife-thrives
World's sea-ice falls to record low,Earth,https://www.bbc.com/news/articles/cvgeydkz08go
What tortoises can teach us about solitary living,Earth,https://www.bbc.com/future/article/20250213-the-overlooked-advantages-of-being-a-solitary-animal
Hunt for rare daffodils that are feared lost,Earth,https://www.bbc.com/news/articles/c0qwvppk0zzo
Why 'snowy' New York winters are a bit of a myth,Earth,https://www.bbc.com/reel/video/p0kpvtc0/why-snowy-new-york-winters-are-a-bit-of-a-myth
How the history of humans is written into the Earth's fabric,Earth,https://www.bbc.com/future/article/20250210-how-the-history-of-humans-is-written-into-the-fabric-of-the-earth
The people turning beer waste into vegan bags,Earth,https://www.bbc.com/future/article/20250206-how-brewers-spent-grain-is-being-turned-into-vegan-barley-milk-leather-and-cakes
"£22bn for 'unproven' green tech could raise bills, UK MPs warn",Earth,https://www.bbc.com/news/articles/ce8jpj3z3n2o
Do cows speak to each other?,Earth,https://www.bbc.com/future/article/20250204-the-linguists-studying-how-cows-talk-to-each-other-in-language
Record January warmth puzzles climate scientists,Earth,https://www.bbc.com/news/articles/cwyjk92w9k1o
Spending on flood defences set to rise to record levels,Earth,https://www.bbc.com/news/articles/cly5rln4yd3o
The bugs transforming food waste into fertiliser,Earth,https://www.bbc.com/future/article/20250130-the-little-bug-with-a-big-appetite-turning-organic-waste-into-sustainable-fertiliser
"Why scientists are counting tiny marine creatures, from Space",Earth,https://www.bbc.com/news/articles/c20g41845jdo
UK unprepared for climate change impacts - fire chiefs council,Earth,https://www.bbc.com/news/articles/cgkj8ljvmkyo
Why the flavour of beer is fading,Earth,https://www.bbc.com/future/article/20250131-how-the-climate-is-changing-the-taste-of-beer
How a month of abstinence can lead to 'meat disgust',Earth,https://www.bbc.com/future/article/20250130-how-a-month-of-abstinence-can-lead-to-meat-disgust
Could the UK actually get colder with global warming?,Earth,https://www.bbc.com/news/articles/cn938ze4yyeo
Colossal squid: An eerie ambassador from the abyss,Earth,https://www.bbc.com/future/article/20250130-colossal-squid-the-eerie-ambassador-from-the-abyss
No targets for aviation or farming in UK climate plan,Earth,https://www.bbc.com/news/articles/cyv4g7000m4o
"Which is worse for wildlife, wind farms or oil drilling?",Earth,https://www.bbc.com/future/article/20250129-oil-vs-wind-which-is-worse-for-birds-and-whales
What happens to animals after a wildfire,Earth,https://www.bbc.com/future/article/20250128-how-wildlife-survives-after-wildfires
"Climate change made LA fires worse, scientists say",Earth,https://www.bbc.com/news/articles/cd9qy4knd8wo
The offices transforming into farms,Earth,https://www.bbc.com/future/article/20250127-why-veg-is-growing-in-empty-office-spaces
Why you might be throwing away the best bit of your fruit,Earth,https://www.bbc.com/future/article/20250124-eat-the-peel-why-you-might-be-throwing-away-the-best-bit-of-your-fruit
Climate and Nature Bill falls as MPs vote to end debate,Earth,https://www.bbc.com/news/articles/c8xqv1l4qxno
What is hiding under Greenland's ice?,Earth,https://www.bbc.com/future/article/20250121-the-enormous-challenge-of-mining-greenland
The cyborg forests revealing the secrets of trees,Earth,https://www.bbc.com/future/article/20250120-experimental-forests-reveal-the-ways-trees-help-cool-the-climate
Barcelona's urgent search for water after floods,Earth,https://www.bbc.com/future/article/20250116-barcelonas-urgent-search-for-water-after-floods
Planet-warming gas levels rose more than ever in 2024,Earth,https://www.bbc.com/news/articles/c30dn5dn53jo
Iranian director speaks out after Cannes triumph,Entertainment,https://www.bbc.com/news/articles/cm26v9dp9j1o
The 12 Cannes films you need to know about,Entertainment,https://www.bbc.com/culture/article/20250523-the-12-cannes-films-you-need-to-know-about
Graham Norton on his accidental cameo in Doctor Who,Entertainment,https://www.bbc.com/news/videos/cvg776gy7l6o
Mountainhead: A 'nightmare' vision of the world,Entertainment,https://www.bbc.com/culture/article/20250521-mountainhead-review
Billy Joel cancels tour after brain condition diagnosis,Entertainment,https://www.bbc.com/news/articles/cx2q95d4wy1o
Legendary photographer Sebastião Salgado dies at 81,Entertainment,https://www.bbc.com/news/articles/cx2exym29pdo
Why Sentimental Value is Cannes' buzziest film,Entertainment,https://www.bbc.com/culture/article/20250523-why-sentimental-value-is-being-called-the-best-film-you-might-see-all-year-cannes-film-festival
Taylor Swift won't face summons in Baldoni-Lively case,Entertainment,https://www.bbc.com/news/articles/cm2k0dmvvkgo
"Actor Jussie Smollett to pay $50,000 to Chicago charity",Entertainment,https://www.bbc.com/news/articles/c2lke8l980no
This Brazilian thriller could be an Oscars hopeful ★★★★☆,Entertainment,https://www.bbc.com/culture/article/20250523-the-secret-agent-review
Helping rescued elephants after circus life,Entertainment,https://www.bbc.com/news/videos/cn4gg9w99jmo
U2: 'We want to make the sound of the future',Entertainment,https://www.bbc.com/news/articles/cm2yl1n6kr5o
The Indian film that got a nine-minute ovation at Cannes,Entertainment,https://www.bbc.com/news/articles/czelypr8jdlo
'I'm hardly Bob Dylan': Charli XCX wins songwriter of the year,Entertainment,https://www.bbc.com/news/articles/cy75n53jk0ko
A furious but funny revenge thriller is a favourite at Cannes ★★★★☆,Entertainment,https://www.bbc.com/culture/article/20250522-it-was-just-an-accident-review
Gay romance The History of Sound is 'too polite' ★★☆☆☆,Entertainment,https://www.bbc.com/culture/article/20250521-the-history-of-sound-review-paul-mescal-and-josh-oconnors-gay-romance-is-too-polite
Chris Brown freed on £5m bail by London court,Entertainment,https://www.bbc.com/news/articles/cwy66xq1jjgo
Lineker's football podcast dropped by BBC after row,Entertainment,https://www.bbc.com/news/articles/c0qgg2qn8g1o
The sensational breakout star of The Phoenician Scheme,Entertainment,https://www.bbc.com/culture/article/20250521-the-sensational-break-out-star-of-the-phoenician-scheme
Israel's Eurovision result prompts questions over voting,Entertainment,https://www.bbc.com/news/articles/ckg77pxj2mno
Lorraine's ITV show cut to 30 minutes as job cuts loom,Entertainment,https://www.bbc.com/news/articles/cjwqqvqxzxlo
Jennifer Lopez sued in copyright case for posting photos of herself,Entertainment,https://www.bbc.com/news/articles/cx2qqew643go
This nightmarish virus horror is 'maddening' ★★☆☆☆,Entertainment,https://www.bbc.com/culture/article/20250520-alpha-review
How Gary Lineker's long BBC career came to an abrupt end,Entertainment,https://www.bbc.com/news/videos/c14kx2nyn7go
Lineker to leave BBC sooner than planned after antisemitism row,Entertainment,https://www.bbc.com/news/articles/c79e37nld1no
Gary Lineker: A sorry end to a BBC career,Entertainment,https://www.bbc.com/news/articles/cq54wy9jzgdo
How Gary Lineker went from football sensation to headline-hitting presenter,Entertainment,https://www.bbc.com/news/articles/cp39xlwexyxo
The only X-rated winner of the best-picture Oscar,Entertainment,https://www.bbc.com/culture/article/20250512-the-only-x-rated-winner-of-the-best-picture-oscar
Gary Lineker expected to leave the BBC,Entertainment,https://www.bbc.com/news/articles/c626jxp0yz3o
Wes Anderson takes his quirkiness to 'new levels' ★★★☆☆,Entertainment,https://www.bbc.com/culture/article/20250518-the-phoenician-scheme-review-wes-anderson-takes-his-quirkiness-to-a-whole-new-level
"Mission: Impossible returns, and Nine Perfect Strangers: What's coming up this week",Entertainment,https://www.bbc.com/news/articles/czxy550q6vzo
Remember Monday singer says she's lost wedding ring after Eurovision,Entertainment,https://www.bbc.com/news/articles/cjdzx5v21ldo
Former Little Mix singer Jesy Nelson gives birth to twins,Entertainment,https://www.bbc.com/news/articles/c628x34pwqvo
"Eurovision 2025: Austria wins with last-minute vote, as the UK comes 19th",Entertainment,https://www.bbc.com/news/articles/c15nq75274qo
The best photos from Eurovision Song Contest 2025,Entertainment,https://www.bbc.com/news/articles/ceqgjpl84pvo
Jennifer Lawrence is 'better than ever' in a searing portrait of motherhood ★★★☆☆,Entertainment,https://www.bbc.com/culture/article/20250517-die-my-love-review-jennifer-lawrence-is-better-than-ever-in-a-searing-portrait-of-motherhood
All you need to know about the Eurovision 2025 final,Entertainment,https://www.bbc.com/news/articles/cwywjw0y9rvo
Was Diddy a 'mastermind'? How ex Cassie's testimony builds the sex-trafficking case against him,Entertainment,https://www.bbc.com/news/articles/cvgvdr3gwneo
A shocking thriller about US pandemic divisions ★★★★☆,Entertainment,https://www.bbc.com/culture/article/20250516-eddington-review
Nemo: 'Winning Eurovision turned my life upside down',Entertainment,https://www.bbc.com/news/articles/c14kn1nymx0o
Frank Skinner gets married after four rejections from his now-wife,Entertainment,https://www.bbc.com/news/articles/c0mr1yewlr0o
How history's brutal witch trials resonate now,Entertainment,https://www.bbc.com/culture/article/20250516-how-historys-brutal-witch-trials-still-resonate-now
Teenager 'chases dream' and opens dance studio,Entertainment,https://www.bbc.com/news/articles/c5yxg0v06l4o
Ncuti Gatwa withdraws as UK's Eurovision jury announcer,Entertainment,https://www.bbc.com/news/articles/cj428knppygo
Israel qualifies for Eurovision final after protests disrupt rehearsal,Entertainment,https://www.bbc.com/news/articles/c780xn5p72jo
Weekly quiz: Which EastEnders star will be in Celebrity Traitors?,Entertainment,https://www.bbc.com/news/articles/cn05ywz2r9no
Chris Brown arrested over alleged bottle attack,Entertainment,https://www.bbc.com/news/articles/c15nzv18ddvo
One pair of jeans is all we need - here's why,Entertainment,https://www.bbc.com/culture/article/20250514-why-we-only-need-one-pair-of-jeans
Times reporter who exposed grooming gangs dies,Entertainment,https://www.bbc.com/news/articles/c4ge33q71q7o
Meet the 'invisible crew' who have 35 seconds to prevent a Eurovision blunder,Entertainment,https://www.bbc.com/news/articles/c1e679vn6yqo
Radio 2 breakfast audience drops after Zoe Ball's exit,Entertainment,https://www.bbc.com/news/articles/c861w2g71plo
Mission: Impossible – The Final Reckoning could be 'feel-bad film of the summer' ★★☆☆☆,Entertainment,https://www.bbc.com/culture/article/20250514-mission-impossible-the-final-reckoning-review
Lineker apologises for sharing 'offensive' Zionism post with rat image,Entertainment,https://www.bbc.com/news/articles/c365ernrnlyo
What a French icon's conviction means for France,Entertainment,https://www.bbc.com/culture/article/20250514-what-gerard-depardieus-conviction-means-for-france
Sophie Ellis-Bextor wants to celebrate being an older pop star,Entertainment,https://www.bbc.com/news/videos/crmkn0lk9eno
BBC boss vows to tackle Britain's 'crisis of trust',Entertainment,https://www.bbc.com/news/articles/cvg5p8z27z8o
Little Mermaid star gets restraining order against ex-partner DDG,Entertainment,https://www.bbc.com/news/articles/cz70qgvjvv1o
Falling in love - literally...,Entertainment,https://www.bbc.com/news/videos/c8xgjj0pl10o
What's it like to sketch Diddy in court?,Entertainment,https://www.bbc.com/news/videos/c70neev4djzo
Key looks from the Cannes Film Festival red carpet,Entertainment,https://www.bbc.com/news/videos/cvgn69g3n1ro
The meaning behind Cannes' 'naked dress' ban,Entertainment,https://www.bbc.com/culture/article/20250513-the-meaning-behind-cannes-naked-dress-red-carpet-ban
Star-studded Celebrity Traitors line-up confirmed,Entertainment,https://www.bbc.com/news/articles/cx2enyjk407o
The horror film that traumatised millennials,Entertainment,https://www.bbc.com/culture/article/20250512-the-horror-film-that-traumatised-millennials
EastEnders star Peace reveals cancer treatment,Entertainment,https://www.bbc.com/news/articles/cg5v28z0jjgo
Stars hit the Cannes Film Festival: Five things to look out for,Entertainment,https://www.bbc.com/news/articles/c0j78v19gp2o
Father Ted creator denies harassing trans woman,Entertainment,https://www.bbc.com/news/articles/c7879vg96y6o
The Bafta TV Awards in two minutes,Entertainment,https://www.bbc.com/news/videos/c7714xz1kn4o
The true story of World War Two's Dambusters raid,Entertainment,https://www.bbc.com/culture/article/20250509-the-true-story-of-world-war-twos-dambusters-raid
"Eurovision act Remember Monday: 'The closer we get, the hungrier we become'",Entertainment,https://www.bbc.com/news/articles/cy70zgyg3p6o
"Baftas 2025: A wedding dress, party plans and Alan Cumming's four suits",Entertainment,https://www.bbc.com/news/articles/cx2xn47vlv9o
Best moments of 2025 TV Baftas in under two minutes,Entertainment,https://www.bbc.com/news/videos/cyvm7y63r04o
Mr Bates and Mr Loverman win top Bafta Awards,Entertainment,https://www.bbc.com/news/articles/c1dep5ryd3vo
Bafta TV Awards: The winners list in full,Entertainment,https://www.bbc.com/news/articles/c4grlp8p264o
Billie Piper and Danny Dyer among stars on Baftas red carpet,Entertainment,https://www.bbc.com/news/articles/ckg4nge2m45o
Amber Heard announces birth of twins in Mother's Day post,Entertainment,https://www.bbc.com/news/articles/c79eznzx50vo
Yungblud: I've thought about becoming a politician,Entertainment,https://www.bbc.com/news/articles/cg5v6530y40o
Yungblud: 'I can't play a festival that's £800 a ticket',Entertainment,https://www.bbc.com/news/videos/c5y53yxz719o
Yungblud: 'I can't play a festival that's £800 a ticket',Entertainment,https://www.bbc.com/news/videos/cd908en0pe9o
Danny Dyer continued rehab after letter from daughter,Entertainment,https://www.bbc.com/news/articles/c7875y27y08o
Baby Reindeer and Mr Bates to compete at TV Baftas,Entertainment,https://www.bbc.com/news/articles/cvgpge1lmkyo
Taylor Swift criticises Lively-Baldoni court summons,Entertainment,https://www.bbc.com/news/articles/c1kv7v3z70jo
The design challenges of building Doctor Who's creepy creatures,Entertainment,https://www.bbc.com/news/videos/cvgpg7mekvmo
Hayley Atwell and Simon Pegg explain the 'bear rule',Entertainment,https://www.bbc.com/news/videos/cwy0zm1m2vko
'My brother died in Lockerbie - our story changed how air disasters are handled',Entertainment,https://www.bbc.com/news/articles/cpv4wz8rymxo
Molly-Mae confirms she and Tommy are back together,Entertainment,https://www.bbc.com/news/articles/crr7lv7pw2po
The Eurovision song that's caused outrage in Italy,Entertainment,https://www.bbc.com/culture/article/20250508-eurovision-2025-the-provocative-estonian-pop-song-that-has-outraged-some-italian
Four ways the film Conclave sheds light on the secretive way popes are chosen,Entertainment,https://www.bbc.com/news/articles/cgkg403x1gxo
Fifty Shades director James Foley dies aged 71,Entertainment,https://www.bbc.com/news/articles/c74qjvq2qzpo
Rediscovered Thomas & Friends pilot to be released,Entertainment,https://www.bbc.com/news/articles/czel5x60y7lo
Which city has the best nightlife? DJs Sherelle and Jamz decide,Entertainment,https://www.bbc.com/news/videos/c9qwqdew94lo
Why these 2000s indie heroes are back and bigger than ever,Entertainment,https://www.bbc.com/news/articles/cr5d04r634go
Weekly quiz: Which star showed off her baby bump at the Met Gala?,Entertainment,https://www.bbc.com/news/articles/c5ygl5r2jlqo
Strictly star reveals how to 'dance like your gran' for VE Day,Entertainment,https://www.bbc.com/news/videos/cyvmpqgj786o
Rape case against Oscar winner Haggis dropped,Entertainment,https://www.bbc.com/news/articles/c9wgj58wg45o
Why space-age design is back in fashion,Entertainment,https://www.bbc.com/culture/article/20250507-the-stunning-retro-space-age-homes-that-are-perfect-for-today
Rooney speaks of relief at end of Wagatha legal saga,Entertainment,https://www.bbc.com/news/articles/cd62yvp1g0xo
3 Doors Down singer reveals stage four cancer,Entertainment,https://www.bbc.com/news/articles/cp92rn8y5yjo
Exhibit explores team behind Sutton Hoo ship dig,Entertainment,https://www.bbc.com/news/articles/c5y6y75ykl5o
Smokey Robinson denies sexual assault allegations,Entertainment,https://www.bbc.com/news/articles/c3e5j8v227ko
Liam Payne left $31.9m fortune but had not made a will,Entertainment,https://www.bbc.com/news/articles/cx2821nz29ro
Meet the man who sketched the Sycamore Gap trial,Arts,https://www.bbc.com/news/articles/cp3nn6zxx6no
Cross-cultural ceilidh marks world diversity day,Arts,https://www.bbc.com/news/articles/c93l9zzgq4wo
Bygone photos show life in Wales' oldest multi-ethnic community,Arts,https://www.bbc.com/news/articles/c79edpj39r2o
Legendary photographer Sebastião Salgado dies at 81,Arts,https://www.bbc.com/news/articles/cx2exym29pdo
Arts and community projects receive cash boost,Arts,https://www.bbc.com/news/articles/cd62g7qv620o
International artist designs new Castleford mural,Arts,https://www.bbc.com/news/articles/c2lkkjxp8j0o
West End theatre to have its finances investigated,Arts,https://www.bbc.com/news/articles/cn8z141dvgdo
Flying geese mural 'reflects city's changing face',Arts,https://www.bbc.com/news/articles/cje77gq7583o
'High risk' theatre will close without urgent funds,Arts,https://www.bbc.com/news/articles/cvgqqypywe1o
'High risk' theatre will close without urgent funds,Arts,https://www.bbc.com/news/articles/cvgqqypywe1o
Life-sized animal puppets to stampede across London,Arts,https://www.bbc.com/news/articles/cgr55k5njgno
Artist's 'heartbreak' over AI generated images,Arts,https://www.bbc.com/news/articles/cvg5nz78ygdo
Classic Suffolk book to be adapted for the stage,Arts,https://www.bbc.com/news/articles/cgr55gkd92wo
Oldest theatre in fight to avoid programme cuts,Arts,https://www.bbc.com/news/articles/cy4kkv37ew7o
Artist wins award for exhibition exploring disability,Arts,https://www.bbc.com/news/articles/c6288q9gexno
Titan of Russian ballet Yuri Grigorovich dies at 98,Arts,https://www.bbc.com/news/articles/c4geede2g38o
'Tom Cruise got me to the Mission: Impossible premiere',Arts,https://www.bbc.com/news/videos/crljjn6779no
Jurassic snark: New Zealand dinosaur sculpture fuels debate,Arts,https://www.bbc.com/news/articles/c4g77x1m9mno
Festival to include walks of discovery on Dartmoor,Arts,https://www.bbc.com/news/articles/cwy3x12p00qo
Show planned for Oscar Wilde prison to be moved,Arts,https://www.bbc.com/news/articles/cpqe7x4pjy4o
Call the Midwife star backs fight to save theatre,Arts,https://www.bbc.com/news/articles/cjrn8r5394no
Art exhibition highlights problem of knife crime,Arts,https://www.bbc.com/news/articles/c39x00ln14zo
"'It took me almost 1,000 hours to draw London'",Arts,https://www.bbc.com/news/videos/c7876w8e751o
"'I've spent almost 1,000 hours on this drawing of London'",Arts,https://www.bbc.com/news/videos/cvgq8vxeq5jo
New exhibition for identical sister artists,Arts,https://www.bbc.com/news/articles/cdj9gkwem9po
Dock workers' stories wanted to inspire new play,Arts,https://www.bbc.com/news/articles/czdyle5n7qmo
Leonard Bernstein honoured by plaque for his work,Arts,https://www.bbc.com/news/articles/c0k35lj7rl8o
Charity art auction to support children in Nepal,Arts,https://www.bbc.com/news/articles/c4g2l5yyqxpo
Art and gardens at heart of sculpture exhibition,Arts,https://www.bbc.com/news/articles/c1degdz21vxo
'The pub was the one place men could socialise',Arts,https://www.bbc.com/news/articles/ckg4rm01zeeo
Repairs set to start on Raac-impacted theatre roof,Arts,https://www.bbc.com/news/articles/c4gr9qqq0gvo
Work exposes timber floor 'stood on by Shakespeare',Arts,https://www.bbc.com/news/articles/cvg7l9lqnyzo
Teenager 'chases dream' and opens dance studio,Arts,https://www.bbc.com/news/articles/c5yxg0v06l4o
All-inclusive musical theatre school set to open,Arts,https://www.bbc.com/news/articles/cx2x7ngy488o
'Dancing is so important for our wellbeing',Arts,https://www.bbc.com/news/videos/cvgve7kqrlqo
Son of war poet 'moved' by east London murals,Arts,https://www.bbc.com/news/articles/cwy71ld7jlpo
"More than 30,000 flowers go on display at cathedral",Arts,https://www.bbc.com/news/articles/c629wl64kryo
Show explores 'queer narratives' of Section 28's impact,Arts,https://www.bbc.com/news/articles/cdxgxd8g40do
Dance award launched to celebrate late Strictly star,Arts,https://www.bbc.com/news/articles/cpvkz34v4nro
Artists to document rewilding project,Arts,https://www.bbc.com/news/articles/cx2xndvz2qno
Rat sculptures damaged soon after going on display,Arts,https://www.bbc.com/news/articles/c1mglpmrrmvo
Charity and theatre promote mental health scheme,Arts,https://www.bbc.com/news/articles/c3v9q5rn511o
Art curator Koyo Kouoh dies at height of career,Arts,https://www.bbc.com/news/articles/cwynlr794j0o
Miners' strike legacy and loss viewed 40 years on,Arts,https://www.bbc.com/news/articles/cx2xlq7e92no
The 'remarkable place' where stars were made,Arts,https://www.bbc.com/news/articles/cvgd4mmvpnjo
Historical theatre to become more accessible,Arts,https://www.bbc.com/news/articles/c17rlwen1xzo
Typewriter artist to draw live at library event,Arts,https://www.bbc.com/news/articles/cql6lv4n073o
The photographs edited 150 years before Photoshop,Arts,https://www.bbc.com/news/articles/c5ygyww0zk3o
Play about road rage to premiere at city car park,Arts,https://www.bbc.com/news/articles/c2e3dy288yvo
UK tour of Jack Thorne's vampire play cancelled,Arts,https://www.bbc.com/news/articles/cwy73kzkj1vo
From Martin Fowler to Mr Darcy - EastEnders actor's new role,Arts,https://www.bbc.com/news/articles/cm23n79zgpmo
Council promises £5m for cultural projects,Arts,https://www.bbc.com/news/articles/cje72x82pvjo
Fishing catch inspires updated Liberation Day mural,Arts,https://www.bbc.com/news/articles/c74nlx0k107o
Damaged stalking dog sculpture removed for repairs,Arts,https://www.bbc.com/news/articles/ce8015pe5w1o
Three artists to have Pride work displayed,Arts,https://www.bbc.com/news/articles/cj098292rvzo
Bargain Hunt star charged over terrorist financing,Arts,https://www.bbc.com/news/articles/crr7lwx1zw1o
Pupils 'learnt so much' in Liberation musical,Arts,https://www.bbc.com/news/articles/cy5r57x2w61o
Dancing enthusiast celebrates 104th birthday,Arts,https://www.bbc.com/news/articles/cwyny118yx0o
"Alicia Vikander returns to stage after 17 years: 'I'm thrilled, but daunted'",Arts,https://www.bbc.com/news/articles/cly2jjg10xlo
Contemporary art trail begins in city centre,Arts,https://www.bbc.com/news/articles/cdrg7pjg8pvo
School granted rights for Frozen's West End show,Arts,https://www.bbc.com/news/articles/cy48z17dyjgo
Town's stalking dog to be recast after fundraiser,Arts,https://www.bbc.com/news/articles/c4g8g7d4d6do
Art museums could change thinking process - study,Arts,https://www.bbc.com/news/articles/czx1x6kdzreo
Search begins for new operator to run arts venue,Arts,https://www.bbc.com/news/articles/cy8q801j3x0o
Badminton 'for shopping' as well as horses,Arts,https://www.bbc.com/news/articles/cqx4nl0w8x4o
"Exhibition 'brings back memories', says internee",Arts,https://www.bbc.com/news/articles/cp8jdpglll5o
Quirky world of Wes Anderson set for London display,Arts,https://www.bbc.com/news/articles/c0jz38n9eldo
Banksy's legacy amid steelworks loss fuels new play,Arts,https://www.bbc.com/news/articles/cy9vw540zngo
Lockdown artist hosting first exhibition,Arts,https://www.bbc.com/news/articles/cpdz0p34v34o
"Cathedral wants artists to mark 1,400th birthday",Arts,https://www.bbc.com/news/articles/cjwve6pzq84o
"Belly dancer, 84, has navel approach to exercise",Arts,https://www.bbc.com/news/articles/c9342931pk2o
Theatre reopens with charity gala after Raac repairs,Arts,https://www.bbc.com/news/articles/cn4j53vqxqno
Retired dancer returns to stage four decades on,Arts,https://www.bbc.com/news/articles/c1egxg87zzgo
Exhibition looks at how Shakespeare began to write,Arts,https://www.bbc.com/news/articles/c9ve2123zy8o
Festival 'survived all sorts' as it celebrates 25th anniversary,Arts,https://www.bbc.com/news/articles/c3evq307348o
Theatre shuts for 7 months as £3.5m revamp begins,Arts,https://www.bbc.com/news/articles/cn5xnlv09eko
Free arts festival draws thousands of spectators,Arts,https://www.bbc.com/news/articles/cly507y6xq2o
Exhibit lets visitors walk through Lowry painting,Arts,https://www.bbc.com/news/articles/cx26zjqd70yo
Science meets shape-throwing in 'Dance your PhD' contest,Arts,https://www.bbc.com/news/videos/c70zdwyp9zeo
City hosts giant rats in sculpture trail for charity,Arts,https://www.bbc.com/news/articles/cm2xm5d4yjpo
Art gallery marks 'milestone moment' of 125 years,Arts,https://www.bbc.com/news/articles/c4g2m3x4861o
Culture leaders 'unwilling' to police which toilets people use,Arts,https://www.bbc.com/news/articles/c4g7j5r0qpyo
Derry dance company 'shocked' at 100% funding cut,Arts,https://www.bbc.com/news/articles/c0qnx943j2qo
How local theatre made shy teen into West End star,Arts,https://www.bbc.com/news/articles/c14xdn4y07xo
Theatre praises Oldman's 'thrilling' York return,Arts,https://www.bbc.com/news/articles/c9qw910q875o
Mosaic artist uses biscuits to make famous faces,Arts,https://www.bbc.com/news/articles/c74zg7dd2j0o
Open air theatre raises curtain on 11th season,Arts,https://www.bbc.com/news/articles/c05nq8600gzo
David Bowie to Doctor Who: Famous faces come to life in art show,Arts,https://www.bbc.com/news/articles/cdxg094zk58o
George Clooney gets Tony nomination for Broadway debut,Arts,https://www.bbc.com/news/articles/cgjlq282px7o
First female CEO for 130-year-old theatre,Arts,https://www.bbc.com/news/articles/c87pv804198o
BBC Proms to return to Bristol Beacon,Arts,https://www.bbc.com/news/articles/c4g2dr0k68mo
Stone lion sculpture gets facelift to match twin,Arts,https://www.bbc.com/news/articles/c2kv7pnx28qo
Plans to revamp 'historic' theatre reach milestone,Arts,https://www.bbc.com/news/articles/c9ve2vr4pw0o
Mescal and Stormzy set for National Theatre shows,Arts,https://www.bbc.com/news/articles/creqlgp47plo
Town's landmarks 'brought to life' in new art show,Arts,https://www.bbc.com/news/articles/c5y5zk78qr8o
'Inspiring' Museum of the Year nominees all outside London,Arts,https://www.bbc.com/news/articles/ce3v7ngn7nvo
Museum showcases Terry Pratchett's Discworld art,Arts,https://www.bbc.com/news/articles/c77nmxnrjljo
Underpass mural designed to 'inspire positivity',Arts,https://www.bbc.com/news/articles/cpwzev009qgo
Child damages €50m Rothko painting in Dutch museum,Arts,https://www.bbc.com/news/articles/cz6dvdwjpj4o
Should US travellers rethink their summer holiday?,Travel,https://www.bbc.com/travel/article/20250520-the-us-travellers-afraid-to-travel-abroad-right-now
The New York fort that changed history,Travel,https://www.bbc.com/travel/article/20250516-the-new-york-fort-that-changed-history
The world's five happiest cities for 2025,Travel,https://www.bbc.com/travel/article/20250515-the-worlds-five-happiest-cities-for-2025
What does a pope's hometown reveal?,Travel,https://www.bbc.com/travel/article/20250514-where-popes-come-from-and-why-it-matters
8 ways to travel more sustainably in 2025,Travel,https://www.bbc.com/travel/article/20250509-8-ways-to-travel-more-sustainably-in-2025
Where do all those Mother's Day flowers come from?,Travel,https://www.bbc.com/travel/article/20240514-the-south-american-country-supplying-mothers-day-flowers
The unstoppable rise of digital detox retreats,Travel,https://www.bbc.com/travel/article/20250507-the-unstoppable-rise-of-digital-detox-retreats
What you need to know about US Real ID,Travel,https://www.bbc.com/travel/article/20250505-real-id-the-big-change-affecting-us-air-travel
The viral Italian island that defies expectations,Travel,https://www.bbc.com/travel/article/20250502-anacapri-the-overlooked-quiet-corner-of-capri
A chef's guide to the best cacio e pepe in Rome,Travel,https://www.bbc.com/travel/article/20250513-the-pasta-queens-favourite-cacio-e-pepe-in-rome
What does a pope's hometown reveal?,Travel,https://www.bbc.com/travel/article/20250514-where-popes-come-from-and-why-it-matters
Destination dupes: Where to go instead of the US,Travel,https://www.bbc.com/travel/article/20250514-destination-dupes-where-to-go-instead-of-the-us
Five celeb-worthy ways to experience Cannes,Travel,https://www.bbc.com/travel/article/20240517-a-weekend-in-cannes-with-an-attach-to-the-stars
How Mexico transformed its Alcatraz,Travel,https://www.bbc.com/travel/article/20250512-islas-marias-a-notorious-prison-island-turned-natural-paradise
8 ways to travel more sustainably in 2025,Travel,https://www.bbc.com/travel/article/20250509-8-ways-to-travel-more-sustainably-in-2025
Where do all those Mother's Day flowers come from?,Travel,https://www.bbc.com/travel/article/20240514-the-south-american-country-supplying-mothers-day-flowers
The flawless biscuit that took years to master,Travel,https://www.bbc.com/travel/article/20250509-the-flawless-biscuit-that-took-years-to-master
Exploring Australia's 'magical' glow-in-the-dark world,Travel,https://www.bbc.com/travel/article/20250508-australias-mysterious-glowing-big-four
The unstoppable rise of digital detox retreats,Travel,https://www.bbc.com/travel/article/20250507-the-unstoppable-rise-of-digital-detox-retreats
Where to get New York City's best Chinese food,Travel,https://www.bbc.com/travel/article/20250505-where-to-get-new-york-citys-best-chinese-food
What you need to know about US Real ID,Travel,https://www.bbc.com/travel/article/20250505-real-id-the-big-change-affecting-us-air-travel
The viral Italian island that defies expectations,Travel,https://www.bbc.com/travel/article/20250502-anacapri-the-overlooked-quiet-corner-of-capri
How Dubai chocolate sparked a global frenzy,Travel,https://www.bbc.com/travel/article/20250502-how-dubai-chocolate-conquered-the-world
The artichoke so prized that people sell fakes,Travel,https://www.bbc.com/travel/article/20250502-the-artichoke-so-prized-that-people-sell-fakes
London's newest hip area isn't where you think,Travel,https://www.bbc.com/travel/article/20250501-now-is-the-time-to-explore-outer-east-london
The secrets of feeding the papal conclave,Travel,https://www.bbc.com/travel/article/20250430-the-secrets-of-feeding-the-papal-conclave
A Hollywood director's top cocktail bars around the world,Travel,https://www.bbc.com/travel/article/20250424-paul-feigs-top-cocktail-bars-around-the-world
How a smiling animal put an island on the map,Travel,https://www.bbc.com/travel/article/20250424-the-indian-oceans-laid-back-paradise-on-earth
The European nation where bears are booming,Travel,https://www.bbc.com/travel/article/20250425-the-european-nation-where-bears-roam-free
Scotland's most remote railway adventure,Travel,https://www.bbc.com/travel/article/20250423-scotlands-most-remote-railway-adventure
A US island with no cars and 600 horses,Travel,https://www.bbc.com/travel/article/20250425-the-us-island-where-cars-are-banned
Inside the fortress that inspired Hamlet,Travel,https://www.bbc.com/travel/article/20250416-inside-the-fortress-that-inspired-hamlet
Eight Asian sauces to keep in your pantry,Travel,https://www.bbc.com/travel/article/20250423-the-eight-asian-sauces-to-keep-in-your-pantry
The secret keepers of Japan's cherry blossoms,Travel,https://www.bbc.com/travel/article/20250422-japans-97-year-old-cherry-blossom-guardian
The first king to travel around the world,Travel,https://www.bbc.com/travel/article/20230521-king-david-laamea-kalkaua-the-first-king-to-travel-around-the-world
Flying high: Delhi's only female pigeon keeper,Travel,https://www.bbc.com/travel/article/20250417-inside-the-life-of-old-delhis-only-female-pigeon-keeper
The stunning landscapes behind Pride and Prejudice,Travel,https://www.bbc.com/travel/article/20250418-a-guide-to-jane-austens-derbyshire-england
The recipe for a centuries-old Easter baba made with 96 eggs,Travel,https://www.bbc.com/travel/article/20240327-the-centuries-old-baba-recipe-made-with-96-egg-yolks
The baffling purple honey only found in the US South,Travel,https://www.bbc.com/travel/article/20250417-the-baffling-purple-honey-found-only-in-north-carolina
What it's like to live in the world's happiest country,Travel,https://www.bbc.com/travel/article/20250416-what-its-like-to-live-in-the-happiest-country-on-earth
How to have a self-care holiday in Seoul,Travel,https://www.bbc.com/travel/article/20250415-chriselle-lims-self-care-guide-to-seoul
How resorts are rethinking the all-inclusive holiday,Travel,https://www.bbc.com/travel/article/20250415-why-all-inclusive-resorts-are-sending-guests-off-site
South Africa's new 'Big Five' safari destination,Travel,https://www.bbc.com/travel/article/20250414-south-africas-new-big-five-safari-destination
Thailand's cooling rice dish to beat the heat,Travel,https://www.bbc.com/travel/article/20240412-thailands-cooling-rice-dish-to-beat-the-heat
Songkran: The world's biggest water fight,Travel,https://www.bbc.com/travel/article/20250411-songkran-the-worlds-biggest-water-fight
Why Iceland is getting happier every year,Travel,https://www.bbc.com/travel/article/20250411-why-icelanders-are-happier-than-ever
Britain's new foodie town with six Michelin stars,Travel,https://www.bbc.com/travel/article/20250410-britains-tastiest-town-where-michelin-chefs-and-gingerbread-queens-reign
Which version of the US will visitors find?,Travel,https://www.bbc.com/travel/article/20250409-which-version-of-the-us-will-visitors-find
A chef's guide to Rome’s best Jewish food,Travel,https://www.bbc.com/travel/article/20250407-where-to-savour-romes-hidden-jewish-food
Europe's most exciting getaways for 2025 travel,Travel,https://www.bbc.com/travel/article/20250407-best-european-vacation-destinations
"The 2,000-year-old US mystery mounds",Travel,https://www.bbc.com/travel/article/20221204-the-us-2000-year-old-mystery-mounds
A 58-tunnel train through India's Eastern Ghats,Travel,https://www.bbc.com/travel/article/20250404-a-58-tunnel-slow-train-through-indias-eastern-ghats
A White Lotus actor's guide to Thailand,Travel,https://www.bbc.com/travel/article/20250225-a-white-lotus-actors-guide-to-thailand
In search of Greece's once-great Jewish city,Travel,https://www.bbc.com/travel/article/20250404-in-search-of-greeces-once-great-jewish-city
The vital tradition of naming baby gorillas,Travel,https://www.bbc.com/travel/article/20250402-the-vital-tradition-of-naming-baby-gorillas-rwanda
Where to find the world's most beautiful sunsets,Travel,https://www.bbc.com/travel/article/20250331-italy-dolomites-the-magic-of-the-legendary-enrosadira
An F1 driver's fast and furious guide to Tokyo,Travel,https://www.bbc.com/travel/article/20250401-yuki-tsunoda-f1-an-off-the-grid-guide-to-tokyo
Hawaii's ancient concept of 'mālama',Travel,https://www.bbc.com/travel/article/20250331-the-word-embodying-the-spirit-of-hawaii
The growing call to boycott travel to the US,Travel,https://www.bbc.com/travel/article/20250328-the-people-boycotting-travel-to-the-us
A sacred journey connecting Jordan and Spain,Travel,https://www.bbc.com/travel/article/20250328-the-revival-of-jordans-1600-year-old-camino
The return of Sicily's ancient 'white gold',Travel,https://www.bbc.com/travel/article/20250328-the-return-of-sicilys-ancient-white-gold
Ottolenghi: Food is how we connect,Travel,https://www.bbc.com/travel/article/20250327-yotam-ottolenghi-interview-influential-katty-kay
Kandi Burruss's weekend guide to Atlanta,Travel,https://www.bbc.com/travel/article/20250325-kandi-burruss-weekend-guide-to-atlanta
Finding calm in the cosmos: A new wellness trend,Travel,https://www.bbc.com/travel/article/20250324-star-bathing-the-next-big-thing-in-travel
The European nation where horses roam free,Travel,https://www.bbc.com/travel/article/20250324-the-european-nation-where-horses-roam-free
The unexpected origins of Houston's iconic po' boy,Travel,https://www.bbc.com/travel/article/20250321-the-unexpected-origins-of-houstons-favourite-po-boy
The Pacific islands that don't want to be Hawaii,Travel,https://www.bbc.com/travel/article/20250319-the-cook-islands-paradise-that-doesnt-want-to-be-hawaii
How women are driving the future of travel,Travel,https://www.bbc.com/travel/article/20250321-female-first-travel-the-ultimate-guide
How to visit a glacier without harming it,Travel,https://www.bbc.com/travel/article/20250319-the-un-declared-2025-as-the-year-of-glacier-preservation-visit-one-safely
The US island that feels like Russia,Travel,https://www.bbc.com/travel/article/20180724-the-us-island-that-once-belonged-to-russia
Where to see spring tulips in the Netherlands,Travel,https://www.bbc.com/travel/article/20240330-a-local-experts-guide-to-seeing-the-most-beautiful-tulips-in-the-netherlands
The ethics of visiting the ends of the Earth,Travel,https://www.bbc.com/travel/article/20250314-visiting-antarctica-or-the-arctic-heres-how-to-minimise-your-impact
A second chance for Malta's paradise island turned 'hell on Earth',Travel,https://www.bbc.com/travel/article/20250314-a-second-chance-for-maltas-paradise-island-comino
A stunning car-free village reached by cable car,Travel,https://www.bbc.com/travel/article/20250314-murren-the-stunning-car-free-village-reached-by-cable-car
Lithuania's fermented drink to ward off a cold,Travel,https://www.bbc.com/travel/article/20250313-lithuanias-fermented-drink-to-ward-off-a-cold
A beloved dessert linked to a brutal legend,Travel,https://www.bbc.com/travel/article/20250312-om-ali-an-unforgettable-sweet-with-a-sinister-history
Should tourists hike the Inca Trail?,Travel,https://www.bbc.com/travel/article/20250312-an-ethical-guide-to-hiking-the-inca-trail
An Italian cultural ambassador's guide to Rome,Travel,https://www.bbc.com/travel/article/20250310-alberto-angela-an-italian-cultural-ambassadors-guide-to-rome
Spain's 'Jurassic Park' of citrus farms,Travel,https://www.bbc.com/travel/article/20250307-the-art-curator-saving-the-worlds-rarest-fruit
The US island that speaks Elizabethan English,Travel,https://www.bbc.com/travel/article/20190623-the-us-island-that-speaks-elizabethan-english
Is there such a thing as guilt-free safari?,Travel,https://www.bbc.com/travel/article/20250306-why-travellers-are-seeking-out-guilt-free-safaris
