Business,Entertainment,Environment,Lifestyle,Technology
tariff,streaming,climate,bbc,company
trump,company,say,people,tech
inflation,medium,climate change,travel,technology
rate,sport,energy,art,apple
trade,disney,change,story,user
economy,cable,water,like,intelligence
market,network,emission,airline,data
economist,million,gas,city,say
president,film,area,theatre,firm
economic,cnbc,scientist,instagram,artificial
pro,game,carbon,facebook,artificial intelligence
policy,content,environment,work,ceo
price,time,need,time,billion
bank,business,like,follow,digital
federal,warner,according,artist,service
cut,billion,world,say,told
consumer,subscriber,temperature,cet,trump
growth,comcast,environmental,local,people
higher,bros,research,visitor,use
cnbc,warner bros,earth,world,share
donald,service,project,make,product
president donald,bros discovery,state,monday friday,china
donald trump,warner bros discovery,people,sound,like
president donald trump,discovery,plant,life,cyber
fed,platform,weather,friday,market
government,espn,company,place,used
month,nbcuniversal,country,day,million
cnbc pro,revenue,time,facebook instagram,month
stock,netflix,wind,home,security
import,streaming service,technology,music,chip
recession,according,global,follow bbc,crypto
central bank,like,fuel,community,customer
country,live,ocean,come,work
good,right,study,experience,platform
china,people,impact,way,president
trading,deal,natural,festival,world
pro live,monday,million,country,including
april,month,home,company,time
tax,bundle,oil,week,watch
point,parent,government,really,government
uncertainty,quarter,risk,exhibition,thursday
thursday,week,future,town,nvidia
spending,ceo,make,flight,online
increase,executive,help,united,stock
global,customer,researcher,museum,business
negotiation,including,human,feel,attack
trump tariff,share,animal,history,musk
wednesday,news,warming,film,post
financial,announced,way,feature,public
duty,league,including,going,software
